{
	"ethereum": {
		"name": "Goerli ETH",
		"symbol": "GETH",
		"useMinAmount": false,
		"contractName": "OFT"
	},
	"arbitrum": {
		"name": "Goerli ETH",
		"symbol": "GETH",
		"useMinAmount": false,
		"contractName": "OFT"
	},
	"optimism": {
		"name": "Goerli ETH",
		"symbol": "GETH",
		"useMinAmount": false,
		"contractName": "OFT"
	},
	"goerli-mainnet": {
		"name": "Mainnet ETH",
		"symbol": "METH",
		"minAmount": "0.0001",
		"useMinAmount": true,
		"contractName": "MinSendAmountOFT"
	},
	"sepolia-mainnet": {
		"name": "Mainnet ETH",
		"symbol": "METH",
		"minAmount": "0.0001",
		"useMinAmount": true,
		"contractName": "MinSendAmountOFT"
	}
}